experimento,repeticion,modo,vacas,estrellas,hilos,estrellas_paralelas,schedule,chunk,semilla,ms_sim_avg,ms_sim_p95,ms_pasada_a_avg,ms_pasada_b_avg,ms_render_avg,fps
speedup,1,serial,1000,180,1,0,static,0,1234,17.562425,18.860500,17.426125,0.098990,0.000000,56.940
speedup,1,paralelo,1000,180,1,0,static,0,1234,17.870790,18.240800,17.749825,0.085710,0.000000,55.957
speedup,1,paralelo,1000,180,2,0,static,0,1234,11.203705,22.356100,10.414800,0.402200,0.000000,89.256
speedup,1,paralelo,1000,180,4,0,static,0,1234,6.560450,6.901600,6.425050,0.098585,0.000000,152.429
speedup,1,paralelo,1000,180,8,0,static,0,1234,4.211770,5.631300,4.080275,0.097575,0.000000,237.430
speedup,2,serial,1000,180,1,0,static,0,1234,19.295305,20.886600,19.148900,0.106005,0.000000,51.826
speedup,2,paralelo,1000,180,1,0,static,0,1234,19.610610,23.131000,19.474680,0.096675,0.000000,50.993
speedup,2,paralelo,1000,180,2,0,static,0,1234,10.237635,13.153400,10.101125,0.097085,0.000000,97.679
speedup,2,paralelo,1000,180,4,0,static,0,1234,6.715695,7.174600,6.585590,0.091380,0.000000,148.905
speedup,2,paralelo,1000,180,8,0,static,0,1234,6.933065,8.608800,6.724995,0.152725,0.000000,144.236
speedup,3,serial,1000,180,1,0,static,0,1234,46.054080,69.601200,44.679115,0.772960,0.000000,21.714
speedup,3,paralelo,1000,180,1,0,static,0,1234,27.040390,30.556300,26.845410,0.135170,0.000000,36.982
speedup,3,paralelo,1000,180,2,0,static,0,1234,14.452610,16.104800,14.236590,0.157695,0.000000,69.192
speedup,3,paralelo,1000,180,4,0,static,0,1234,10.272395,10.614000,10.062345,0.151715,0.000000,97.348
speedup,3,paralelo,1000,180,8,0,static,0,1234,7.527110,9.278000,7.291880,0.178395,0.000000,132.853
speedup,4,serial,1000,180,1,0,static,0,1234,56.826635,80.775100,55.805475,0.590755,0.000000,17.597
speedup,4,paralelo,1000,180,1,0,static,0,1234,30.484950,35.093300,30.275990,0.149720,0.000000,32.803
speedup,4,paralelo,1000,180,2,0,static,0,1234,15.801865,17.790600,15.577655,0.161940,0.000000,63.284
speedup,4,paralelo,1000,180,4,0,static,0,1234,11.167300,13.778000,10.955130,0.153870,0.000000,89.547
speedup,4,paralelo,1000,180,8,0,static,0,1234,12.671070,15.209100,12.220740,0.298395,0.000000,78.920
speedup,5,serial,1000,180,1,0,static,0,1234,32.103290,34.573500,31.863595,0.175800,0.000000,31.149
speedup,5,paralelo,1000,180,1,0,static,0,1234,30.009000,35.320800,29.811515,0.143870,0.000000,33.323
speedup,5,paralelo,1000,180,2,0,static,0,1234,16.112355,18.183000,15.875235,0.176195,0.000000,62.064
speedup,5,paralelo,1000,180,4,0,static,0,1234,10.119160,10.844500,9.903895,0.153830,0.000000,98.822
speedup,5,paralelo,1000,180,8,0,static,0,1234,8.706595,10.068800,8.437645,0.203495,0.000000,114.855
speedup,6,serial,1000,180,1,0,static,0,1234,18.383610,18.976300,18.241160,0.102760,0.000000,54.396
speedup,6,paralelo,1000,180,1,0,static,0,1234,21.109690,22.864000,20.942220,0.123280,0.000000,47.372
speedup,6,paralelo,1000,180,2,0,static,0,1234,14.807565,18.197300,14.601770,0.148445,0.000000,67.533
speedup,6,paralelo,1000,180,4,0,static,0,1234,10.905870,11.753000,10.675120,0.163785,0.000000,91.694
speedup,6,paralelo,1000,180,8,0,static,0,1234,8.922235,10.698600,8.666375,0.189470,0.000000,112.080
speedup,7,serial,1000,180,1,0,static,0,1234,22.208490,23.233300,22.045045,0.117970,0.000000,45.028
speedup,7,paralelo,1000,180,1,0,static,0,1234,28.631255,32.291200,28.443425,0.134565,0.000000,34.927
speedup,7,paralelo,1000,180,2,0,static,0,1234,27.226270,40.820600,23.210235,1.761660,0.000000,36.729
speedup,7,paralelo,1000,180,4,0,static,0,1234,12.662480,13.192300,12.394570,0.186080,0.000000,78.973
speedup,7,paralelo,1000,180,8,0,static,0,1234,10.281185,13.336200,9.974750,0.231605,0.000000,97.265
speedup,8,serial,1000,180,1,0,static,0,1234,35.250260,39.768100,35.019005,0.164645,0.000000,28.369
speedup,8,paralelo,1000,180,1,0,static,0,1234,34.377235,37.524300,34.131580,0.174660,0.000000,29.089
speedup,8,paralelo,1000,180,2,0,static,0,1234,18.055750,20.359900,17.804570,0.181990,0.000000,55.384
speedup,8,paralelo,1000,180,4,0,static,0,1234,12.616380,13.909900,12.346910,0.194100,0.000000,79.262
speedup,8,paralelo,1000,180,8,0,static,0,1234,10.188150,11.509700,9.887550,0.226665,0.000000,98.153
speedup,9,serial,1000,180,1,0,static,0,1234,29.287410,31.300700,29.067450,0.158165,0.000000,34.144
speedup,9,paralelo,1000,180,1,0,static,0,1234,34.687660,40.227400,34.465015,0.159355,0.000000,28.829
speedup,9,paralelo,1000,180,2,0,static,0,1234,17.960040,22.350700,17.732880,0.160980,0.000000,55.679
speedup,9,paralelo,1000,180,4,0,static,0,1234,12.541640,13.178800,12.277920,0.189345,0.000000,79.734
speedup,9,paralelo,1000,180,8,0,static,0,1234,9.852835,11.623500,9.574250,0.210560,0.000000,101.494
speedup,10,serial,1000,180,1,0,static,0,1234,28.741605,31.244800,28.521845,0.161690,0.000000,34.793
speedup,10,paralelo,1000,180,1,0,static,0,1234,28.287775,31.370400,28.100405,0.133055,0.000000,35.351
speedup,10,paralelo,1000,180,2,0,static,0,1234,17.090765,19.784100,16.838290,0.184725,0.000000,58.511
speedup,10,paralelo,1000,180,4,0,static,0,1234,12.094760,12.880300,11.843470,0.176805,0.000000,82.680
speedup,10,paralelo,1000,180,8,0,static,0,1234,9.393845,11.531400,9.094595,0.223365,0.000000,106.453
speedup,1,serial,3000,180,1,0,static,0,1234,293.943935,313.163200,293.388875,0.492545,0.000000,3.402
speedup,1,paralelo,3000,180,1,0,static,0,1234,280.653330,319.906100,280.138010,0.449360,0.000000,3.563
speedup,1,paralelo,3000,180,2,0,static,0,1234,170.303965,244.498900,169.580440,0.432170,0.000000,5.872
speedup,1,paralelo,3000,180,4,0,static,0,1234,122.550690,158.476400,122.117300,0.342995,0.000000,8.160
speedup,1,paralelo,3000,180,8,0,static,0,1234,110.135740,153.694300,109.289080,0.629735,0.000000,9.080
speedup,2,serial,3000,180,1,0,static,0,1234,314.529485,384.934100,313.878115,0.568305,0.000000,3.179
speedup,2,paralelo,3000,180,1,0,static,0,1234,300.004455,352.061500,299.521145,0.424290,0.000000,3.333
speedup,2,paralelo,3000,180,2,0,static,0,1234,166.477895,245.142700,165.955470,0.416870,0.000000,6.007
speedup,2,paralelo,3000,180,4,0,static,0,1234,121.589500,180.181800,121.190615,0.316415,0.000000,8.224
speedup,2,paralelo,3000,180,8,0,static,0,1234,141.693595,192.140200,140.951085,0.540215,0.000000,7.057
speedup,3,serial,3000,180,1,0,static,0,1234,295.983545,460.428300,295.392145,0.524690,0.000000,3.379
speedup,3,paralelo,3000,180,1,0,static,0,1234,347.164300,487.880800,346.597960,0.500430,0.000000,2.880
speedup,3,paralelo,3000,180,2,0,static,0,1234,169.021345,188.369800,168.564185,0.381850,0.000000,5.916
speedup,3,paralelo,3000,180,4,0,static,0,1234,109.111515,142.996600,108.641945,0.351875,0.000000,9.165
speedup,3,paralelo,3000,180,8,0,static,0,1234,115.736620,158.907100,114.718455,0.526370,0.000000,8.640
speedup,4,serial,3000,180,1,0,static,0,1234,381.687025,473.284900,380.935760,0.672770,0.000000,2.620
speedup,4,paralelo,3000,180,1,0,static,0,1234,352.161640,433.985400,351.660485,0.435055,0.000000,2.840
speedup,4,paralelo,3000,180,2,0,static,0,1234,213.516180,314.082000,212.836070,0.597400,0.000000,4.683
speedup,4,paralelo,3000,180,4,0,static,0,1234,93.573285,99.946800,93.228665,0.270060,0.000000,10.687
speedup,4,paralelo,3000,180,8,0,static,0,1234,134.110470,179.965600,133.487505,0.512810,0.000000,7.457
speedup,5,serial,3000,180,1,0,static,0,1234,241.611030,297.855300,241.153435,0.405890,0.000000,4.139
speedup,5,paralelo,3000,180,1,0,static,0,1234,245.853310,318.577700,245.449165,0.350225,0.000000,4.067
speedup,5,paralelo,3000,180,2,0,static,0,1234,161.752275,173.186600,161.329710,0.357020,0.000000,6.182
speedup,5,paralelo,3000,180,4,0,static,0,1234,109.238150,116.234600,108.834945,0.321845,0.000000,9.154
speedup,5,paralelo,3000,180,8,0,static,0,1234,81.674385,89.246500,81.253805,0.334470,0.000000,12.244
speedup,6,serial,3000,180,1,0,static,0,1234,228.620275,247.422600,228.171155,0.398730,0.000000,4.374
speedup,6,paralelo,3000,180,1,0,static,0,1234,222.340455,235.783700,221.958210,0.334610,0.000000,4.498
speedup,6,paralelo,3000,180,2,0,static,0,1234,145.498620,155.798800,145.095435,0.341710,0.000000,6.873
speedup,6,paralelo,3000,180,4,0,static,0,1234,97.387825,105.071600,97.015120,0.295820,0.000000,10.268
speedup,6,paralelo,3000,180,8,0,static,0,1234,82.149385,89.843100,81.738480,0.326485,0.000000,12.173
speedup,7,serial,3000,180,1,0,static,0,1234,246.477400,286.347800,246.023305,0.401820,0.000000,4.057
speedup,7,paralelo,3000,180,1,0,static,0,1234,224.355105,241.818700,223.972340,0.334180,0.000000,4.457
speedup,7,paralelo,3000,180,2,0,static,0,1234,148.874155,162.120600,148.472955,0.341770,0.000000,6.717
speedup,7,paralelo,3000,180,4,0,static,0,1234,98.361845,103.417100,97.991745,0.293285,0.000000,10.167
speedup,7,paralelo,3000,180,8,0,static,0,1234,82.091225,94.997000,81.693135,0.310050,0.000000,12.182
speedup,8,serial,3000,180,1,0,static,0,1234,322.669255,429.774900,322.070745,0.520985,0.000000,3.099
speedup,8,paralelo,3000,180,1,0,static,0,1234,201.223970,221.703000,200.895825,0.285085,0.000000,4.970
speedup,8,paralelo,3000,180,2,0,static,0,1234,136.286860,150.477100,135.929935,0.306520,0.000000,7.337
speedup,8,paralelo,3000,180,4,0,static,0,1234,87.675640,93.990100,87.336665,0.263040,0.000000,11.406
speedup,8,paralelo,3000,180,8,0,static,0,1234,64.756715,71.187700,64.418750,0.267960,0.000000,15.442
speedup,9,serial,3000,180,1,0,static,0,1234,196.690710,217.954800,196.328480,0.319115,0.000000,5.084
speedup,9,paralelo,3000,180,1,0,static,0,1234,200.187540,215.272500,199.871880,0.275350,0.000000,4.995
speedup,9,paralelo,3000,180,2,0,static,0,1234,131.841455,151.754600,131.483900,0.304955,0.000000,7.585
speedup,9,paralelo,3000,180,4,0,static,0,1234,93.553335,106.827900,93.198545,0.282190,0.000000,10.689
speedup,9,paralelo,3000,180,8,0,static,0,1234,72.546960,86.752200,72.176500,0.292145,0.000000,13.784
speedup,10,serial,3000,180,1,0,static,0,1234,202.113065,221.515200,201.708940,0.358430,0.000000,4.948
speedup,10,paralelo,3000,180,1,0,static,0,1234,258.872325,332.412700,258.455020,0.356745,0.000000,3.863
speedup,10,paralelo,3000,180,2,0,static,0,1234,161.117805,190.264400,160.693385,0.361710,0.000000,6.207
speedup,10,paralelo,3000,180,4,0,static,0,1234,90.183440,102.224500,89.836825,0.272850,0.000000,11.089
speedup,10,paralelo,3000,180,8,0,static,0,1234,76.268420,106.731600,75.819760,0.346085,0.000000,13.112
speedup,1,serial,5000,180,1,0,static,0,1234,813.169855,958.406800,812.234675,0.866690,0.000000,1.230
speedup,1,paralelo,5000,180,1,0,static,0,1234,644.377640,729.287600,643.756325,0.572115,0.000000,1.552
speedup,1,paralelo,5000,180,2,0,static,0,1234,593.604695,967.357200,590.929885,1.355125,0.000000,1.685
speedup,1,paralelo,5000,180,4,0,static,0,1234,270.457570,284.745100,269.988035,0.392775,0.000000,3.697
speedup,1,paralelo,5000,180,8,0,static,0,1234,272.541975,303.754000,271.770440,0.532710,0.000000,3.669
speedup,2,serial,5000,180,1,0,static,0,1234,735.045575,857.046700,734.314710,0.672950,0.000000,1.360
speedup,2,paralelo,5000,180,1,0,static,0,1234,1000.975685,1215.740200,1000.108280,0.798540,0.000000,0.999
speedup,2,paralelo,5000,180,2,0,static,0,1234,487.682645,591.364100,487.029745,0.583220,0.000000,2.051
speedup,2,paralelo,5000,180,4,0,static,0,1234,316.241810,367.845500,315.433415,0.731050,0.000000,3.162
speedup,2,paralelo,5000,180,8,0,static,0,1234,256.467350,511.174400,255.714910,0.654445,0.000000,3.899
speedup,3,serial,5000,180,1,0,static,0,1234,735.991795,843.735200,735.247330,0.689615,0.000000,1.359
speedup,3,paralelo,5000,180,1,0,static,0,1234,927.681835,1299.101700,926.820345,0.792565,0.000000,1.078
speedup,3,paralelo,5000,180,2,0,static,0,1234,555.500280,836.390900,554.209510,1.102925,0.000000,1.800
speedup,3,paralelo,5000,180,4,0,static,0,1234,358.734050,407.903800,358.225605,0.423740,0.000000,2.788
speedup,3,paralelo,5000,180,8,0,static,0,1234,245.419375,267.116100,244.929200,0.405240,0.000000,4.075
speedup,4,serial,5000,180,1,0,static,0,1234,922.969555,1543.121000,922.064480,0.834820,0.000000,1.083
speedup,4,paralelo,5000,180,1,0,static,0,1234,955.207060,1275.835000,954.207650,0.844095,0.000000,1.047
speedup,4,paralelo,5000,180,2,0,static,0,1234,433.292615,494.937600,432.705180,0.523345,0.000000,2.308
speedup,4,paralelo,5000,180,4,0,static,0,1234,368.809890,488.762400,365.287295,1.212075,0.000000,2.711
speedup,4,paralelo,5000,180,8,0,static,0,1234,247.566050,269.406300,247.078695,0.401260,0.000000,4.039
speedup,5,serial,5000,180,1,0,static,0,1234,620.976265,696.344800,620.296130,0.631365,0.000000,1.610
speedup,5,paralelo,5000,180,1,0,static,0,1234,711.808130,980.731500,711.173985,0.577315,0.000000,1.405
speedup,5,paralelo,5000,180,2,0,static,0,1234,411.137160,434.383900,410.585230,0.494130,0.000000,2.432
speedup,5,paralelo,5000,180,4,0,static,0,1234,360.253830,452.854900,359.627285,0.511730,0.000000,2.776
speedup,5,paralelo,5000,180,8,0,static,0,1234,226.737645,234.472300,226.256885,0.390400,0.000000,4.410
speedup,6,serial,5000,180,1,0,static,0,1234,691.201535,782.824100,690.430610,0.718255,0.000000,1.447
speedup,6,paralelo,5000,180,1,0,static,0,1234,737.683770,886.092100,737.008340,0.623850,0.000000,1.356
speedup,6,paralelo,5000,180,2,0,static,0,1234,620.864095,982.413900,620.091460,0.702115,0.000000,1.611
speedup,6,paralelo,5000,180,4,0,static,0,1234,343.373585,385.366700,342.770770,0.514880,0.000000,2.912
speedup,6,paralelo,5000,180,8,0,static,0,1234,355.659380,557.174900,354.517370,0.981545,0.000000,2.812
speedup,7,serial,5000,180,1,0,static,0,1234,785.456330,1236.764900,784.459465,0.939355,0.000000,1.273
speedup,7,paralelo,5000,180,1,0,static,0,1234,743.567830,907.665200,742.859885,0.653685,0.000000,1.345
speedup,7,paralelo,5000,180,2,0,static,0,1234,433.427355,498.570100,432.732870,0.539085,0.000000,2.307
speedup,7,paralelo,5000,180,4,0,static,0,1234,288.448445,306.997900,287.971825,0.401130,0.000000,3.467
speedup,7,paralelo,5000,180,8,0,static,0,1234,268.251255,292.576600,267.373360,0.689585,0.000000,3.728
speedup,8,serial,5000,180,1,0,static,0,1234,692.356935,826.532400,691.444210,0.860020,0.000000,1.444
speedup,8,paralelo,5000,180,1,0,static,0,1234,755.517890,952.012000,754.006340,1.019155,0.000000,1.324
speedup,8,paralelo,5000,180,2,0,static,0,1234,513.977395,622.046400,513.278595,0.561115,0.000000,1.946
speedup,8,paralelo,5000,180,4,0,static,0,1234,338.182720,639.731000,337.681500,0.420720,0.000000,2.957
speedup,8,paralelo,5000,180,8,0,static,0,1234,283.951755,329.842400,283.339530,0.504745,0.000000,3.522
speedup,9,serial,5000,180,1,0,static,0,1234,657.704935,695.013800,656.961375,0.691255,0.000000,1.520
speedup,9,paralelo,5000,180,1,0,static,0,1234,734.597970,962.200300,733.906680,0.594245,0.000000,1.361
speedup,9,paralelo,5000,180,2,0,static,0,1234,501.955245,636.133500,500.301665,0.916765,0.000000,1.992
speedup,9,paralelo,5000,180,4,0,static,0,1234,293.651830,314.542800,293.183220,0.386745,0.000000,3.405
speedup,9,paralelo,5000,180,8,0,static,0,1234,235.570035,268.959500,235.032205,0.413285,0.000000,4.245
speedup,10,serial,5000,180,1,0,static,0,1234,663.663670,696.546800,662.932980,0.679465,0.000000,1.507
speedup,10,paralelo,5000,180,1,0,static,0,1234,735.437795,994.895400,734.808975,0.575715,0.000000,1.360
speedup,10,paralelo,5000,180,2,0,static,0,1234,448.680020,517.740500,448.086065,0.525320,0.000000,2.229
speedup,10,paralelo,5000,180,4,0,static,0,1234,291.067875,306.346000,290.525735,0.463235,0.000000,3.436
speedup,10,paralelo,5000,180,8,0,static,0,1234,282.703230,352.755500,282.179095,0.434095,0.000000,3.537
schedule,1,serial,5000,180,1,0,static,0,1234,693.829180,922.004500,692.995260,0.777365,0.000000,1.441
schedule,1,paralelo,5000,180,8,0,static,0,1234,230.845535,309.939800,230.331605,0.427290,0.000000,4.332
schedule,1,paralelo,5000,180,8,0,dynamic,0,1234,263.416700,348.974500,260.942595,1.955625,0.000000,3.796
schedule,1,paralelo,5000,180,8,0,guided,0,1234,361.817635,807.273400,359.827735,1.262310,0.000000,2.764
schedule,2,serial,5000,180,1,0,static,0,1234,1144.073965,1628.064700,1142.538035,1.356125,0.000000,0.874
schedule,2,paralelo,5000,180,8,0,static,0,1234,190.348740,220.589100,189.911675,0.361555,0.000000,5.254
schedule,2,paralelo,5000,180,8,0,dynamic,0,1234,228.107820,319.874600,226.832835,0.916755,0.000000,4.384
schedule,2,paralelo,5000,180,8,0,guided,0,1234,250.400685,332.218300,249.481460,0.558295,0.000000,3.994
schedule,3,serial,5000,180,1,0,static,0,1234,631.030750,882.576500,630.380125,0.602120,0.000000,1.585
schedule,3,paralelo,5000,180,8,0,static,0,1234,198.030365,213.275600,197.544920,0.405610,0.000000,5.050
schedule,3,paralelo,5000,180,8,0,dynamic,0,1234,214.843950,249.955500,213.660150,0.904835,0.000000,4.655
schedule,3,paralelo,5000,180,8,0,guided,0,1234,180.983160,191.746200,180.552625,0.343970,0.000000,5.525
schedule,4,serial,5000,180,1,0,static,0,1234,754.469090,888.981900,753.664455,0.744375,0.000000,1.325
schedule,4,paralelo,5000,180,8,0,static,0,1234,218.933405,238.185000,218.442520,0.404195,0.000000,4.568
schedule,4,paralelo,5000,180,8,0,dynamic,0,1234,180.514655,191.063400,179.659535,0.730950,0.000000,5.540
schedule,4,paralelo,5000,180,8,0,guided,0,1234,183.711395,193.864100,183.269545,0.354065,0.000000,5.443
schedule,5,serial,5000,180,1,0,static,0,1234,462.403540,577.104900,461.874280,0.483470,0.000000,2.163
schedule,5,paralelo,5000,180,8,0,static,0,1234,160.554525,166.086000,160.132130,0.344790,0.000000,6.228
schedule,5,paralelo,5000,180,8,0,dynamic,0,1234,160.410630,165.669700,159.587935,0.701350,0.000000,6.234
schedule,5,paralelo,5000,180,8,0,guided,0,1234,157.298100,161.376500,156.850560,0.358530,0.000000,6.357
schedule,6,serial,5000,180,1,0,static,0,1234,393.497400,410.008500,393.075355,0.387905,0.000000,2.541
schedule,6,paralelo,5000,180,8,0,static,0,1234,163.508310,169.945800,163.077770,0.345755,0.000000,6.116
schedule,6,paralelo,5000,180,8,0,dynamic,0,1234,239.461965,358.985000,238.207525,1.011135,0.000000,4.176
schedule,6,paralelo,5000,180,8,0,guided,0,1234,177.791350,236.433700,176.968380,0.567235,0.000000,5.625
schedule,7,serial,5000,180,1,0,static,0,1234,1009.882945,1835.434500,1008.882210,0.931435,0.000000,0.990
schedule,7,paralelo,5000,180,8,0,static,0,1234,297.118025,445.001100,296.566690,0.464365,0.000000,3.366
schedule,7,paralelo,5000,180,8,0,dynamic,0,1234,225.487140,238.690700,224.328525,0.944455,0.000000,4.435
schedule,7,paralelo,5000,180,8,0,guided,0,1234,228.447445,245.253800,227.927815,0.423925,0.000000,4.377
schedule,8,serial,5000,180,1,0,static,0,1234,725.109805,922.359900,724.393720,0.656930,0.000000,1.379
schedule,8,paralelo,5000,180,8,0,static,0,1234,303.898825,333.344700,303.092695,0.591815,0.000000,3.291
schedule,8,paralelo,5000,180,8,0,dynamic,0,1234,278.568595,318.940500,276.939445,1.251125,0.000000,3.590
schedule,8,paralelo,5000,180,8,0,guided,0,1234,287.431585,321.441000,286.717570,0.560500,0.000000,3.479
schedule,9,serial,5000,180,1,0,static,0,1234,900.479860,1080.458600,899.533355,0.867465,0.000000,1.111
schedule,9,paralelo,5000,180,8,0,static,0,1234,267.639510,280.803700,266.842425,0.576920,0.000000,3.736
schedule,9,paralelo,5000,180,8,0,dynamic,0,1234,385.542395,411.592500,382.631125,1.960875,0.000000,2.594
schedule,9,paralelo,5000,180,8,0,guided,0,1234,325.121015,406.991000,324.209375,0.691400,0.000000,3.076
schedule,10,serial,5000,180,1,0,static,0,1234,944.925925,1200.971700,943.917025,0.929115,0.000000,1.058
schedule,10,paralelo,5000,180,8,0,static,0,1234,264.580635,289.876500,263.938025,0.537170,0.000000,3.780
schedule,10,paralelo,5000,180,8,0,dynamic,0,1234,265.662635,273.195600,263.715535,1.449035,0.000000,3.764
schedule,10,paralelo,5000,180,8,0,guided,0,1234,276.856815,321.072800,276.181065,0.546235,0.000000,3.612
false_sharing,1,serial,3000,180,1,0,static,0,1234,346.571755,444.620200,345.848535,0.632490,0.000000,2.885
false_sharing,1,paralelo,3000,180,8,0,static,0,1234,117.247735,131.313300,116.596555,0.520195,0.000000,8.529
false_sharing,1,paralelo,3000,180,8,0,static,1,1234,107.023615,118.166800,106.326210,0.567440,0.000000,9.344
false_sharing,2,serial,3000,180,1,0,static,0,1234,359.893765,411.959300,359.144525,0.664255,0.000000,2.779
false_sharing,2,paralelo,3000,180,8,0,static,0,1234,93.484185,99.858400,92.988695,0.398645,0.000000,10.697
false_sharing,2,paralelo,3000,180,8,0,static,1,1234,100.452400,111.605900,99.790940,0.537170,0.000000,9.955
false_sharing,3,serial,3000,180,1,0,static,0,1234,317.012740,443.302600,316.329615,0.604700,0.000000,3.154
false_sharing,3,paralelo,3000,180,8,0,static,0,1234,107.539080,124.969200,107.012165,0.424530,0.000000,9.299
false_sharing,3,paralelo,3000,180,8,0,static,1,1234,117.129555,135.991700,116.452025,0.569035,0.000000,8.538
false_sharing,4,serial,3000,180,1,0,static,0,1234,327.202890,360.667300,326.556035,0.566680,0.000000,3.056
false_sharing,4,paralelo,3000,180,8,0,static,0,1234,114.191550,129.143500,113.626320,0.446735,0.000000,8.757
false_sharing,4,paralelo,3000,180,8,0,static,1,1234,101.589640,111.933200,100.984145,0.508870,0.000000,9.844
false_sharing,5,serial,3000,180,1,0,static,0,1234,328.137855,407.623000,327.535525,0.525225,0.000000,3.047
false_sharing,5,paralelo,3000,180,8,0,static,0,1234,100.456345,107.898600,99.910375,0.430700,0.000000,9.955
false_sharing,5,paralelo,3000,180,8,0,static,1,1234,99.853000,109.720800,99.193740,0.542410,0.000000,10.015
false_sharing,6,serial,3000,180,1,0,static,0,1234,325.430515,397.367800,324.807270,0.545605,0.000000,3.073
false_sharing,6,paralelo,3000,180,8,0,static,0,1234,106.134895,115.460300,105.565540,0.460705,0.000000,9.422
false_sharing,6,paralelo,3000,180,8,0,static,1,1234,100.589330,111.140400,99.956855,0.526715,0.000000,9.941
false_sharing,7,serial,3000,180,1,0,static,0,1234,273.494180,344.968900,273.019545,0.414060,0.000000,3.656
false_sharing,7,paralelo,3000,180,8,0,static,0,1234,110.893920,122.870000,110.234715,0.545540,0.000000,9.018
false_sharing,7,paralelo,3000,180,8,0,static,1,1234,93.778765,98.960700,93.187615,0.489620,0.000000,10.663
false_sharing,8,serial,3000,180,1,0,static,0,1234,311.684715,430.434400,311.114370,0.499725,0.000000,3.208
false_sharing,8,paralelo,3000,180,8,0,static,0,1234,100.336395,113.338700,99.782920,0.454100,0.000000,9.966
false_sharing,8,paralelo,3000,180,8,0,static,1,1234,83.281335,95.870800,82.768470,0.425525,0.000000,12.007
false_sharing,9,serial,3000,180,1,0,static,0,1234,438.691580,511.473600,437.785605,0.792780,0.000000,2.280
false_sharing,9,paralelo,3000,180,8,0,static,0,1234,111.408705,133.764800,110.863255,0.441450,0.000000,8.976
false_sharing,9,paralelo,3000,180,8,0,static,1,1234,72.184435,75.761200,71.763655,0.350720,0.000000,13.853
false_sharing,10,serial,3000,180,1,0,static,0,1234,310.082510,449.865800,309.511710,0.493975,0.000000,3.225
false_sharing,10,paralelo,3000,180,8,0,static,0,1234,104.420275,113.560000,103.553535,0.613085,0.000000,9.577
false_sharing,10,paralelo,3000,180,8,0,static,1,1234,82.571520,97.622100,82.037290,0.443625,0.000000,12.111
estrellas,1,serial,1,180,1,0,static,0,1234,0.083110,0.086800,0.017140,0.017495,0.000000,12032.246
estrellas,1,paralelo,1,180,8,0,static,0,1234,0.308210,0.318400,0.128625,0.130145,0.000000,3244.541
estrellas,1,paralelo,1,180,8,1,static,0,1234,0.370115,0.389500,0.123405,0.119370,0.000000,2701.863
estrellas,2,serial,1,180,1,0,static,0,1234,0.070870,0.078100,0.014640,0.014710,0.000000,14110.343
estrellas,2,paralelo,1,180,8,0,static,0,1234,0.267985,0.293200,0.108660,0.114115,0.000000,3731.552
estrellas,2,paralelo,1,180,8,1,static,0,1234,0.329150,0.351000,0.106075,0.107805,0.000000,3038.129
estrellas,3,serial,1,180,1,0,static,0,1234,0.067235,0.071100,0.013850,0.014155,0.000000,14873.206
estrellas,3,paralelo,1,180,8,0,static,0,1234,0.286050,0.311100,0.124050,0.117770,0.000000,3495.892
estrellas,3,paralelo,1,180,8,1,static,0,1234,0.341125,0.368200,0.109875,0.111745,0.000000,2931.477
estrellas,4,serial,1,180,1,0,static,0,1234,0.070325,0.085800,0.013880,0.014425,0.000000,14219.694
estrellas,4,paralelo,1,180,8,0,static,0,1234,0.264365,0.282400,0.109935,0.111105,0.000000,3782.649
estrellas,4,paralelo,1,180,8,1,static,0,1234,0.336940,0.370400,0.109730,0.109700,0.000000,2967.887
estrellas,5,serial,1,180,1,0,static,0,1234,0.081890,0.088800,0.017355,0.018155,0.000000,12211.503
estrellas,5,paralelo,1,180,8,0,static,0,1234,0.312710,0.348300,0.131375,0.132850,0.000000,3197.851
estrellas,5,paralelo,1,180,8,1,static,0,1234,0.495480,0.581600,0.164650,0.160050,0.000000,2018.245
estrellas,6,serial,1,180,1,0,static,0,1234,0.117440,0.132100,0.024005,0.030180,0.000000,8514.986
estrellas,6,paralelo,1,180,8,0,static,0,1234,0.473605,0.582800,0.201375,0.202000,0.000000,2111.464
estrellas,6,paralelo,1,180,8,1,static,0,1234,0.544485,0.603800,0.179265,0.175460,0.000000,1836.598
estrellas,7,serial,1,180,1,0,static,0,1234,0.105350,0.137300,0.023720,0.022525,0.000000,9492.169
estrellas,7,paralelo,1,180,8,0,static,0,1234,0.447120,0.483800,0.188600,0.189640,0.000000,2236.536
estrellas,7,paralelo,1,180,8,1,static,0,1234,0.680825,1.026800,0.242045,0.214555,0.000000,1468.806
estrellas,8,serial,1,180,1,0,static,0,1234,0.148690,0.189900,0.031245,0.033605,0.000000,6725.402
estrellas,8,paralelo,1,180,8,0,static,0,1234,0.574485,0.722300,0.232745,0.226760,0.000000,1740.689
estrellas,8,paralelo,1,180,8,1,static,0,1234,0.633170,0.710300,0.202910,0.207385,0.000000,1579.355
estrellas,9,serial,1,180,1,0,static,0,1234,0.109225,0.126200,0.025210,0.023155,0.000000,9155.413
estrellas,9,paralelo,1,180,8,0,static,0,1234,0.422855,0.478500,0.175350,0.178735,0.000000,2364.877
estrellas,9,paralelo,1,180,8,1,static,0,1234,0.591680,0.694500,0.192235,0.195750,0.000000,1690.103
estrellas,10,serial,1,180,1,0,static,0,1234,0.101015,0.114200,0.021110,0.022700,0.000000,9899.520
estrellas,10,paralelo,1,180,8,0,static,0,1234,0.497245,0.543300,0.208290,0.211955,0.000000,2011.081
estrellas,10,paralelo,1,180,8,1,static,0,1234,0.502475,0.645300,0.164820,0.161420,0.000000,1990.149
estrellas,1,serial,1,10000,1,0,static,0,1234,2.186765,2.303200,0.029640,0.022200,0.000000,457.297
estrellas,1,paralelo,1,10000,8,0,static,0,1234,2.114575,2.353300,0.222545,0.182860,0.000000,472.908
estrellas,1,paralelo,1,10000,8,1,static,0,1234,1.057730,1.174400,0.191010,0.187620,0.000000,945.421
estrellas,2,serial,1,10000,1,0,static,0,1234,2.152735,2.520400,0.027285,0.019560,0.000000,464.525
estrellas,2,paralelo,1,10000,8,0,static,0,1234,2.389305,2.933900,0.247710,0.208070,0.000000,418.532
estrellas,2,paralelo,1,10000,8,1,static,0,1234,1.412980,1.520900,0.273850,0.261310,0.000000,707.724
estrellas,3,serial,1,10000,1,0,static,0,1234,1.753865,1.875400,0.022655,0.016090,0.000000,570.169
estrellas,3,paralelo,1,10000,8,0,static,0,1234,2.087545,2.312000,0.204500,0.167575,0.000000,479.032
estrellas,3,paralelo,1,10000,8,1,static,0,1234,0.982080,1.103800,0.179090,0.169145,0.000000,1018.247
estrellas,4,serial,1,10000,1,0,static,0,1234,2.392430,2.705100,0.036680,0.024680,0.000000,417.985
estrellas,4,paralelo,1,10000,8,0,static,0,1234,2.416295,2.739500,0.297900,0.203095,0.000000,413.857
estrellas,4,paralelo,1,10000,8,1,static,0,1234,0.889565,1.003500,0.163420,0.170345,0.000000,1124.145
estrellas,5,serial,1,10000,1,0,static,0,1234,1.980220,2.222300,0.025125,0.018670,0.000000,504.994
estrellas,5,paralelo,1,10000,8,0,static,0,1234,2.153450,2.601900,0.211660,0.174760,0.000000,464.371
estrellas,5,paralelo,1,10000,8,1,static,0,1234,1.012610,1.498700,0.173520,0.172750,0.000000,987.547
estrellas,6,serial,1,10000,1,0,static,0,1234,4.052455,4.665800,0.047555,0.037965,0.000000,246.764
estrellas,6,paralelo,1,10000,8,0,static,0,1234,4.361860,4.938600,0.391460,0.378255,0.000000,229.260
estrellas,6,paralelo,1,10000,8,1,static,0,1234,1.298335,1.928500,0.247170,0.224395,0.000000,770.217
estrellas,7,serial,1,10000,1,0,static,0,1234,2.152265,2.794200,0.054585,0.027570,0.000000,464.627
estrellas,7,paralelo,1,10000,8,0,static,0,1234,2.314665,2.815200,0.219455,0.195935,0.000000,432.028
estrellas,7,paralelo,1,10000,8,1,static,0,1234,0.752020,0.828100,0.134295,0.131805,0.000000,1329.752
estrellas,8,serial,1,10000,1,0,static,0,1234,2.097435,2.707300,0.038445,0.024510,0.000000,476.773
estrellas,8,paralelo,1,10000,8,0,static,0,1234,2.130020,2.703800,0.233540,0.183390,0.000000,469.479
estrellas,8,paralelo,1,10000,8,1,static,0,1234,0.754100,0.833800,0.132965,0.129530,0.000000,1326.084
estrellas,9,serial,1,10000,1,0,static,0,1234,2.077915,2.404100,0.040450,0.020935,0.000000,481.252
estrellas,9,paralelo,1,10000,8,0,static,0,1234,2.163530,2.509700,0.194085,0.168790,0.000000,462.208
estrellas,9,paralelo,1,10000,8,1,static,0,1234,1.204780,1.459100,0.225500,0.196290,0.000000,830.027
estrellas,10,serial,1,10000,1,0,static,0,1234,2.873360,3.766300,0.116670,0.066605,0.000000,348.025
estrellas,10,paralelo,1,10000,8,0,static,0,1234,2.183795,2.762200,0.207745,0.184760,0.000000,457.918
estrellas,10,paralelo,1,10000,8,1,static,0,1234,0.900775,1.088000,0.170505,0.167915,0.000000,1110.155
